<?xml version="1.0"?>
<!DOCTYPE bindings PUBLIC "-//NetBeans//DTD Editor KeyBindings settings 1.0//EN"
                          "http://www.netbeans.org/dtds/EditorKeyBindings-1_0.dtd">
                          
<!-- IMPORTANT:  To handle Apple-specific keybindings, there is another copy of
     this file, with minor diffs, in ide/applemenu.  Any changes made here should
     be made there too -->                          
<bindings>
    <bind actionName="abbrev-expand" key="S-SPACE"/>
    <bind actionName="adjust-caret-bottom" key="OS-B"/>
    <bind actionName="adjust-caret-center" key="OS-M"/>
    <bind actionName="adjust-caret-top" key="OS-T"/>
    <bind actionName="adjust-window-bottom" key="O-U$B"/>
    <bind actionName="adjust-window-center" key="O-U$M"/>
    <bind actionName="adjust-window-top" key="A-U$T"/>
    <bind actionName="annotations-cycling" key="DS-C"/>
    <bind actionName="caret-backward" key="LEFT"/>
    <bind actionName="caret-backward" key="KP_LEFT"/>
    <bind actionName="caret-begin" key="D-HOME"/>
    <bind actionName="caret-begin-line" key="HOME"/>
    <bind actionName="caret-down" key="DOWN"/>
    <bind actionName="caret-down" key="KP_DOWN"/>
    <bind actionName="caret-end" key="D-END"/>
    <bind actionName="caret-end-line" key="END"/>
    <bind actionName="caret-end-word" key="O-U$E"/>
    <bind actionName="caret-forward" key="KP_RIGHT"/>
    <bind actionName="caret-forward" key="RIGHT"/>
    <bind actionName="caret-next-word" key="D-RIGHT"/>
    <bind actionName="caret-previous-word" key="C-LEFT"/>
    <bind actionName="caret-up" key="KP_UP"/>
    <bind actionName="caret-up" key="UP"/>
    <bind actionName="collapse-all-folds" key="DS-MINUS"/>
    <bind actionName="collapse-fold" key="D-MINUS"/>
    <bind actionName="collapse-all-folds" key="DS-SUBTRACT"/>
    <bind actionName="collapse-fold" key="D-SUBTRACT"/>
    <bind actionName="completion-show" key="C-SPACE"/>
    <bind actionName="completion-show" key="D-BACK_SLASH"/>
    <bind actionName="copy-to-clipboard" key="COPY"/>
    <bind actionName="copy-to-clipboard" key="D-C"/>
    <bind actionName="copy-to-clipboard" key="D-INSERT"/>
    <bind actionName="cut-to-clipboard" key="D-X"/>
    <bind actionName="cut-to-clipboard" key="CUT"/>
    <bind actionName="cut-to-clipboard" key="S-DELETE"/>
    <bind actionName="delete-next" key="DELETE"/>
    <bind actionName="delete-previous" key="S-BACK_SPACE"/>
    <bind actionName="delete-previous" key="BACK_SPACE"/>
    <bind actionName="documentation-show" key="CS-SPACE"/>
    <bind actionName="expand-all-folds" key="DS-ADD"/>
    <bind actionName="expand-all-folds" key="DS-EQUALS"/>
    <bind actionName="expand-all-folds" key="DS-PLUS"/>
    <bind actionName="expand-fold" key="D-ADD"/>
    <bind actionName="expand-fold" key="D-EQUALS"/>
    <bind actionName="expand-fold" key="D-PLUS"/>
    <bind actionName="find" key="FIND"/>
    <bind actionName="find" key="D-F"/>
    <bind actionName="find-next" key="F3"/>
    <bind actionName="find-previous" key="S-F3"/>
    <bind actionName="find-selection" key="D-F3"/>
    <bind actionName="format" key="DS-F"/>
    <bind actionName="goto" key="C-G"/>
    <bind actionName="insert-break" key="ENTER"/>
    <bind actionName="insert-tab" key="TAB"/>
    <bind actionName="jump-list-next" key="O-L"/>
    <bind actionName="jump-list-next-component" key="OS-L"/>
    <bind actionName="jump-list-prev" key="O-K"/>
    <bind actionName="jump-list-prev-component" key="OS-K"/>
    <bind actionName="match-brace" key="D-OPEN_BRACKET"/>
    <bind actionName="page-down" key="PAGE_DOWN"/>
    <bind actionName="page-up" key="PAGE_UP"/>
    <bind actionName="paste-formated" key="DS-V"/>
    <bind actionName="paste-from-clipboard" key="PASTE"/>
    <bind actionName="paste-from-clipboard" key="D-V"/>
    <bind actionName="paste-from-clipboard" key="S-INSERT"/>
    <bind actionName="redo" key="D-Y"/>
    <bind actionName="remove-line" key="D-E"/>
    <bind actionName="remove-line-begin" key="D-U"/>
    <bind actionName="remove-tab" key="S-TAB"/>
    <!-- #47709 <bind actionName="remove-word" key="D-W"/> -->
    <bind actionName="remove-word-next" key="D-DELETE"/>
    <bind actionName="remove-word-previous" key="D-BACK_SPACE"/>
    <bind actionName="replace" key="C-H"/>
    <bind actionName="scroll-down" key="C-UP"/>
    <bind actionName="scroll-up" key="C-DOWN"/>
    <bind actionName="select-all" key="D-A"/>
    <bind actionName="select-identifier" key="O-J"/>
    <bind actionName="select-next-parameter" key="D-M"/>
    <bind actionName="selection-backward" key="S-LEFT"/>
    <bind actionName="selection-begin" key="DS-HOME"/>
    <bind actionName="selection-begin-line" key="S-HOME"/>
    <bind actionName="selection-down" key="S-DOWN"/>
    <bind actionName="selection-end" key="DS-END"/>
    <bind actionName="selection-end-line" key="S-END"/>
    <bind actionName="selection-forward" key="S-RIGHT"/>
    <bind actionName="selection-match-brace" key="DS-OPEN_BRACKET"/>
    <bind actionName="selection-next-word" key="DS-RIGHT"/>
    <bind actionName="selection-page-down" key="S-PAGE_DOWN"/>
    <bind actionName="selection-page-up" key="S-PAGE_UP"/>
    <bind actionName="selection-previous-word" key="DS-LEFT"/>
    <bind actionName="selection-up" key="S-UP"/>
    <bind actionName="shift-insert-break" key="S-ENTER"/>
    <bind actionName="shift-line-left" key="D-D"/>
    <bind actionName="shift-line-right" key="D-T"/>
    <bind actionName="show-popup-menu" key="S-F10"/>
    <bind actionName="split-line" key="D-ENTER"/>
    <bind actionName="start-macro-recording" key="D-J$S"/>
    <bind actionName="start-new-line" key="S-ENTER"/>
    <bind actionName="stop-macro-recording" key="D-J$E"/>
    <bind actionName="switch-case" key="O-U$R"/>
    <bind actionName="to-lower-case" key="O-U$L"/>
    <bind actionName="to-upper-case" key="O-U$U"/>
    <bind actionName="toggle-highlight-search" key="OS-H"/>
    <bind actionName="toggle-typing-mode" key="INSERT"/>
    <bind actionName="tooltip-show" key="A-P"/>
    <bind actionName="undo" key="UNDO"/>
    <bind actionName="undo" key="D-Z"/>
    <bind actionName="word-match-next" key="D-L"/>
    <bind actionName="word-match-prev" key="D-K"/>
</bindings>
