<?xml version="1.0"?>

<fontscolors>
    <fontcolor name="javascript-annotation" foreColor="ff006f00" default="default"/>
    <fontcolor name="javascript-block-comment" default="comment"/>
    <fontcolor name="javascript-char-literal" default="string"/> <!-- '' and "" are the same in JS (temp. hack)-->
    <fontcolor name="javascript-errors" default="error"/>
    <fontcolor name="javascript-identifier" default="identifier"/>
    <fontcolor name="javascript-keywords" default="keyword"/>
    <fontcolor name="javascript-layer-method" default="default">
        <font style="bold"/>
    </fontcolor>
    <fontcolor name="javascript-line-comment" default="comment"/>
    <fontcolor name="javascript-numeric-literals" default="number"/>
    <fontcolor name="javascript-operators" default="operator"/>
    <fontcolor name="javascript-string-literal" default="string"/>
    <fontcolor name="javascript-whitespace" default="whitespace"/>
</fontscolors>
