<?xml version="1.0" encoding="UTF-8"?>
<!DOCTYPE filesystem PUBLIC "-//NetBeans//DTD Filesystem 1.1//EN" "http://www.netbeans.org/dtds/filesystem-1_1.dtd">
<filesystem>
    <folder name="Editors">
        <folder name="text">
            <folder name="x-javascript">
                <folder name="NetBeans">
                    <folder name="Defaults">
                        <file name="coloring.xml" url="fontsColors.xml">
                            <attr name="SystemFileSystem.localizingBundle" stringvalue="org.netbeans.modules.javascript.editor.resources.Bundle"/>
                        </file>
                    </folder>
                </folder>

                <file name="Settings.settings" url="JSOptions.settings"/>
                
                <file name="EditorKit.instance">
                    <attr name="instanceClass" stringvalue="org.netbeans.modules.javascript.editor.syntax.JSKit"/>
                </file>
                <!--<attr name="SystemFileSystem.localizingBundle" stringvalue="org.netbeans.modules.html.editor.resources.Bundle"/>
                <folder name="NetBeans">
                <folder name="Defaults">
                <file name="coloring.xml" url="fontsColors.xml">
                <attr name="SystemFileSystem.localizingBundle" stringvalue="org.netbeans.modules.html.editor.resources.Bundle"/>
                </file>
                </folder>
                </folder>-->
            
                <!--<folder name="CompletionProviders">
                <file name="org-netbeans-modules-editor-html-HTMLCompletionProvider.instance"/>
                </folder>-->
            
                <!--<folder name="FoldManager">
                <file name="org-netbeans-modules-html-editor-folding-HTMLFoldManagerFactory.instance"/>
                </folder>-->
                
                <!--<folder name="SideBar">
                <file name="org-netbeans-modules-html-editor-folding-HTMLCodeFoldingSideBarFactory.instance"/>
                <attr name="org-netbeans-editor-GlyphGutter.instance/org-netbeans-modules-html-editor-folding-HTMLCodeFoldingSideBarFactory.instance" boolvalue="true"/>
                </folder>-->
                
                <!--<file name="Settings.settings" url="HTMLOptions.settings"/>-->
                

                <!--<folder name="Popup">
                <file name="format"/>
                <file name="SeparatorAfterFormat.instance">
                <attr name="instanceClass" stringvalue="javax.swing.JSeparator"/>
                </file>
                <attr name="format/SeparatorAfterFormat.instance" boolvalue="true"/>
                <attr name="SeparatorAfterFormat.instance/org-openide-actions-CutAction.instance" boolvalue="true"/>

                <attr name="SeparatorAfterFormat.instance/org-openide-actions-PasteAction.instance" boolvalue="true"/>
                    
                <file name="SeparatorFolding.instance">
                <attr name="instanceClass" stringvalue="javax.swing.JSeparator"/>
                </file>
                                        
                <attr name="org-openide-actions-PasteAction.instance/SeparatorFolding.instance" boolvalue="true"/>
                    
                <file name="generate-fold-popup"/>
                <attr name="SeparatorFolding.instance/generate-fold-popup" boolvalue="true"/>
                </folder>-->
            </folder>
        </folder>
    </folder>
</filesystem>
